"Reference","Qty","Value","DNP","Exclude from BOM","Exclude from Board","Footprint","Datasheet"
"D1,D2,D3,D4,D5,D6,D7,D8,D9,D10,D11,D12,D13,D14,D15,D16,D17,D18,D19,D30,D31,D32,D33,D34,D35,D36,D37,D38,D45,D46,D47,D48,D49,D50,D51,D52,D53,D55,D56,D57,D58,D60,D61,D62,D63,D65,D66,D67,D68,D69,D70,D71,D72,D73,D75,D76,D77,D78,D79,D80,D81,D82,D85,D86,D87,D88,D89","67","1N4148","","","","Diode_THT:D_DO-35_SOD27_P7.62mm_Horizontal","https://assets.nexperia.com/documents/data-sheet/1N4148_1N4448.pdf"
"D20,D21,D22,D23,D24,D25,D26,D27,D28,D29,D39,D40,D41,D42,D43,D44,D54,D59,D64,D74,D83,D84,D90,D91,D92,D93,D94,D95,D96,D97,D98,D99,D100,D101,D102,D103,D104,D105,D106,D107,D108,D109,D110,D111,D112,D113,D114,D115,D116,D117,D118,D119,D120,D121,D122,D123,D124,D125,D126,D127,D128,D129,D130,D131,D132,D133,D134","67","SK6812MINI-E","","","","kicad-keyboard-parts:MX_SK6812MINI-E","https://cdn-shop.adafruit.com/product-files/2686/SK6812MINI_REV.01-1-2.pdf"
"J1","1","Conn_01x04","","","","Oleddisplay:SSD1306-0.91-OLED-4pin-128x32","~"
"MX1,MX3,MX4,MX5,MX6,MX7,MX8,MX9,MX10,MX11,MX12,MX13,MX14,MX15,MX16,MX17,MX18,MX20,MX21,MX22,MX23,MX24,MX25,MX26,MX27,MX28,MX29,MX30,MX31,MX32,MX33,MX34,MX35,MX36,MX37,MX38,MX39,MX40,MX41,MX42,MX43,MX44,MX46,MX47,MX48,MX49,MX50,MX51,MX52,MX53,MX54,MX55,MX57,MX58,MX59,MX60,MX61,MX62,MX63,MX64","60","MX_SW_solder","","","","PCM_marbastlib-mx:SW_MX_1u","~"
"MX2,MX19","2","MX_SW_solder","","","","PCM_marbastlib-mx:SW_MX_1.5u","~"
"MX45,MX56","2","MX_SW_solder","","","","PCM_marbastlib-mx:SW_MX_1.75u","~"
"MX65,MX66,MX67","3","MX_SW_solder","","","","PCM_marbastlib-mx:SW_MX_1.25u","~"
"U1","1","Pico","","","","pi pico:RPi_Pico_SMD_TH",""
